<?xml version="1.0" encoding="UTF-8"?>
<flow xmlns="http://www.springframework.org/schema/webflow"
xmlns:xsi="http://www.w3.org/2001/XMLSchema-instance"
xsi:schemaLocation="http://www.springframework.org/schema/webflow http://www.springframework.org/schema/webflow/spring-webflow-2.0.xsd">
<var name="order" class="com.****.model.CustomerOrder"/>
<action-state id="validateState">
<evaluate expression="cartDaoImpl.validate(requestParameters.cartId)" result="order.cart"></evaluate>
<transition to="invalidCartWarning" on="java.io.IOException" ></transition>
<transition to="collectCustomerInfo"></transition>
</action-state>

<view-state id="collectCustomerInfo" model="order">
<transition on="customerInfoCollected" to="collectShippingDetail"></transition>
</view-state>

<view-state id="collectShippingDetail" model="order">
<transition on="shippingDetailCollected" to="orderConfirmation"></transition>
<transition on="backToCollectCustomerInfo" to="collectCustomerInfo"></transition>
</view-state>

<view-state id="orderConfirmation">
<transition on="orderConfirmed" to="processOrder"></transition>
<transition on="backToCollectShippingDetail" to="collectShippingDetail"></transition>
</view-state>

<action-state id="processOrder">
<evaluate expression="customerOrderDaoImpl.addCustomerOrder(order.cart)"></evaluate>
<transition to="clearCart"></transition>
</action-state>

<action-state id="clearCart">
<evaluate expression="cartItemDaoImpl.removeAllCartItems(order.cart)"></evaluate>
<transition to="thankCustomer"></transition>
</action-state>
<view-state id="thankCustomer">
<transition to="endState"></transition>
</view-state>

<view-state id="invalidCartWarning">
<transition to="endState"></transition>
</view-state>
<end-state id="endState"></end-state>

<action-state id="cancelPurchase">
<evaluate expression="cartItemDaoImpl.removeAllCartItems(order.cart)"></evaluate>
<transition to="cancelCheckOut"></transition>
</action-state>
<end-state id="cancelCheckOut" view="checkoutCancelled.jsp">

</end-state>
<global-transitions>
<transition on="cancel" to="cancelPurchase"></transition>
</global-transitions>


</flow> 
