<?xml version="1.0" encoding="UTF-8"?>  
<beans xmlns="http://www.springframework.org/schema/beans"  
    xmlns:mvc="http://www.springframework.org/schema/mvc"
    xmlns:xsi="http://www.w3.org/2001/XMLSchema-instance"  
    xmlns:p="http://www.springframework.org/schema/p"  
    xmlns:context="http://www.springframework.org/schema/context"  
    xsi:schemaLocation="http://www.springframework.org/schema/beans
    http://www.springframework.org/schema/beans/spring-beans.xsd
    http://www.springframework.org/schema/mvc
    http://www.springframework.org/schema/mvc/spring-mvc-3.0.xsd
    http://www.springframework.org/schema/context
    http://www.springframework.org/schema/context/spring-context.xsd">
  
    <context:component-scan  base-package="com.niit" />  
    
    <bean class="org.springframework.web.servlet.view.InternalResourceViewResolver">  
        <property name="prefix" value="/WEB-INF/pages/" />  
        <property name="suffix" value=".jsp" />  
    </bean>  
    
     <bean id="multipartResolver" 
	class="org.springframework.web.multipart.commons.CommonsMultipartResolver">
      		  <property name="maxUploadSize" value="10240000" />
        </bean>
    
    <mvc:resources mapping="/resources/**" location="/resources/" />
    
    
    
    <mvc:annotation-driven />
    
  
    
</beans>  